concept_id,concept_name,terminology,code,category,description,synonyms,semantic_type,version
T0001,Invasive ductal carcinoma of breast,SNOMED_CT,413448000,cancer_type,Invasive ductal carcinoma of breast,IDC breast;invasive ductal breast carcinoma;infiltrating ductal carcinoma;NST,histology,2025-01-31
T0002,Invasive lobular carcinoma of breast,SNOMED_CT,416940007,cancer_type,Invasive lobular carcinoma of breast,ILC;infiltrating lobular carcinoma,histology,2025-01-31
T0003,Ductal carcinoma in situ of breast,SNOMED_CT,397159002,cancer_type,Ductal carcinoma in situ of breast,DCIS;intraductal breast carcinoma,histology,2025-01-31
T0004,Lobular carcinoma in situ of breast,SNOMED_CT,4105005,cancer_type,Lobular carcinoma in situ,LCIS;lobular neoplasia,histology,2025-01-31
T0005,Triple negative breast cancer,SNOMED_CT,827000006,cancer_type,Triple negative malignant neoplasm of breast,TNBC;triple negative breast carcinoma;ER-/PR-/HER2-,histology,2025-01-31
T0006,HER2-positive breast carcinoma,SNOMED_CT,718220008,cancer_type,HER2 positive carcinoma of breast,HER2+ breast cancer;ERBB2-positive breast cancer,histology,2025-01-31
T0007,Mucinous carcinoma of breast,SNOMED_CT,109369007,cancer_type,Mucinous adenocarcinoma of breast,colloid carcinoma breast;gelatinous carcinoma,histology,2025-01-31
T0008,Medullary carcinoma of breast,SNOMED_CT,30156004,cancer_type,Medullary carcinoma of female breast,medullary breast carcinoma,histology,2025-01-31
T0009,Inflammatory breast carcinoma,SNOMED_CT,93761005,cancer_type,Inflammatory carcinoma of breast,inflammatory breast cancer;IBC,histology,2025-01-31
T0010,Paget disease of nipple,SNOMED_CT,59840001,cancer_type,Paget disease of nipple,Paget disease nipple;nipple Paget;mammary Paget disease,histology,2025-01-31
T0011,Adenocarcinoma of colon,SNOMED_CT,363346000,cancer_type,Adenocarcinoma of colon,colonic adenocarcinoma;colon cancer;colorectal cancer CRC,histology,2025-01-31
T0012,Adenocarcinoma of rectum,SNOMED_CT,254527003,cancer_type,Adenocarcinoma of rectum,rectal adenocarcinoma;rectal cancer,histology,2025-01-31
T0013,Mucinous adenocarcinoma of colon,SNOMED_CT,314966009,cancer_type,Mucinous adenocarcinoma of colon,colloid colon cancer;mucin-producing colon cancer,histology,2025-01-31
T0014,Signet ring cell carcinoma of colon,SNOMED_CT,372088000,cancer_type,Signet ring cell carcinoma of large intestine,signet ring cell colon;mucosecretory colorectal carcinoma,histology,2025-01-31
T0015,MSI-H colorectal cancer,SNOMED_CT,1148595006,cancer_type,Microsatellite instability-high colorectal carcinoma,MSI-H colorectal;dMMR colorectal;mismatch repair deficient colon,histology,2025-01-31
T0016,Pulmonary adenocarcinoma,SNOMED_CT,254637007,cancer_type,Adenocarcinoma of lung,lung adenocarcinoma;pulmonary adeno;NSCLC adeno,histology,2025-01-31
T0017,Squamous cell carcinoma of lung,SNOMED_CT,254626000,cancer_type,Squamous cell carcinoma of bronchus and lung,lung SCC;pulmonary squamous cell carcinoma;epidermoid lung carcinoma,histology,2025-01-31
T0018,Small cell carcinoma of lung,SNOMED_CT,254625001,cancer_type,Small cell carcinoma of lung,SCLC;oat cell carcinoma lung;small cell lung cancer,histology,2025-01-31
T0019,Large cell carcinoma of lung,SNOMED_CT,254628004,cancer_type,Large cell carcinoma of lung,LCLC;large cell neuroendocrine carcinoma lung,histology,2025-01-31
T0020,Non-small cell lung cancer,SNOMED_CT,254637007,cancer_type,Non-small cell carcinoma of lung,NSCLC;non-small cell lung carcinoma,histology,2025-01-31
T0021,Mesothelioma of pleura,SNOMED_CT,254645005,cancer_type,Mesothelioma of pleura,pleural mesothelioma;malignant pleural mesothelioma;MPM,histology,2025-01-31
T0022,Hepatocellular carcinoma,SNOMED_CT,25370001,cancer_type,Hepatocellular carcinoma,HCC;liver cell carcinoma;primary liver cancer,histology,2025-01-31
T0023,Adenocarcinoma of pancreas,SNOMED_CT,372003004,cancer_type,Adenocarcinoma of pancreas,pancreatic adenocarcinoma;PDAC;pancreatic cancer,histology,2025-01-31
T0024,Adenocarcinoma of prostate,SNOMED_CT,254900004,cancer_type,Adenocarcinoma of prostate,prostate cancer;prostatic adenocarcinoma;PCa,histology,2025-01-31
T0025,Renal cell carcinoma,SNOMED_CT,41607009,cancer_type,Renal cell carcinoma,RCC;kidney cancer;clear cell renal carcinoma,histology,2025-01-31
T0026,Transitional cell carcinoma of bladder,SNOMED_CT,363358000,cancer_type,Transitional cell carcinoma of bladder,bladder cancer;urothelial carcinoma bladder;TCC bladder,histology,2025-01-31
T0027,Diffuse large B-cell lymphoma,SNOMED_CT,413839001,cancer_type,Diffuse large B-cell lymphoma,DLBCL;diffuse large B cell;aggressive NHL,histology,2025-01-31
T0028,Follicular lymphoma,SNOMED_CT,413535001,cancer_type,Follicular lymphoma,follicular NHL;grade 1-2 follicular lymphoma,histology,2025-01-31
T0029,Hodgkin lymphoma,SNOMED_CT,118601006,cancer_type,Hodgkin disease,Hodgkin disease;HL;classical Hodgkin lymphoma,histology,2025-01-31
T0030,Multiple myeloma,SNOMED_CT,109989006,cancer_type,Multiple myeloma,plasma cell myeloma;Kahler disease;myelomatosis,histology,2025-01-31
T0031,Chronic myeloid leukemia,SNOMED_CT,92818009,cancer_type,Chronic myeloid leukemia,CML;chronic granulocytic leukemia;BCR-ABL positive leukemia,histology,2025-01-31
T0032,Acute myeloid leukemia,SNOMED_CT,91861009,cancer_type,Acute myeloid leukemia,AML;acute myelogenous leukemia;acute nonlymphocytic leukemia,histology,2025-01-31
T0033,Melanoma,SNOMED_CT,372244006,cancer_type,Malignant melanoma,malignant melanoma;cutaneous melanoma;skin melanoma,histology,2025-01-31
T0034,Malignant neoplasm of thyroid,SNOMED_CT,363478007,cancer_type,Malignant neoplasm of thyroid gland,thyroid cancer;thyroid carcinoma;papillary thyroid carcinoma,histology,2025-01-31
T0035,Glioblastoma,SNOMED_CT,393563007,cancer_type,Glioblastoma multiforme,GBM;grade 4 astrocytoma;glioblastoma multiforme,histology,2025-01-31
T0036,Metastatic malignant neoplasm,SNOMED_CT,128462008,cancer_type,Metastatic malignant neoplasm,metastasis;metastatic disease;distant metastasis;secondary malignancy,finding,2025-01-31
T0037,Left breast structure,SNOMED_CT,80248007,anatomy,Left breast structure,left breast,anatomy,2025-01-31
T0038,Right breast structure,SNOMED_CT,73056007,anatomy,Right breast structure,right breast,anatomy,2025-01-31
T0039,Upper outer quadrant of breast,SNOMED_CT,19100000,anatomy,Upper outer quadrant of breast,UOQ breast;upper outer breast,anatomy,2025-01-31
T0040,Upper inner quadrant of breast,SNOMED_CT,24073000,anatomy,Upper inner quadrant of breast,UIQ breast;upper inner breast,anatomy,2025-01-31
T0041,Lower outer quadrant of breast,SNOMED_CT,33564002,anatomy,Lower outer quadrant of breast,LOQ breast;lower outer breast,anatomy,2025-01-31
T0042,Lower inner quadrant of breast,SNOMED_CT,47927007,anatomy,Lower inner quadrant of breast,LIQ breast;lower inner breast,anatomy,2025-01-31
T0043,Nipple structure,SNOMED_CT,24142002,anatomy,Nipple structure,nipple;areola,anatomy,2025-01-31
T0044,Sigmoid colon structure,SNOMED_CT,60184004,anatomy,Sigmoid colon structure,sigmoid colon;sigmoid;pelvic colon,anatomy,2025-01-31
T0045,Rectum structure,SNOMED_CT,34402009,anatomy,Rectum structure,rectum;rectal,anatomy,2025-01-31
T0046,Cecum structure,SNOMED_CT,32713005,anatomy,Cecum structure,cecum;caecum,anatomy,2025-01-31
T0047,Ascending colon structure,SNOMED_CT,9040008,anatomy,Ascending colon structure,ascending colon;right colon,anatomy,2025-01-31
T0048,Transverse colon structure,SNOMED_CT,485005,anatomy,Transverse colon structure,transverse colon,anatomy,2025-01-31
T0049,Descending colon structure,SNOMED_CT,32622004,anatomy,Descending colon structure,descending colon;left colon,anatomy,2025-01-31
T0050,Rectosigmoid junction structure,SNOMED_CT,73878004,anatomy,Rectosigmoid junction,rectosigmoid;RS junction,anatomy,2025-01-31
T0051,Right upper lobe of lung,SNOMED_CT,72481006,anatomy,Right upper lobe of lung,RUL;right upper lobe,anatomy,2025-01-31
T0052,Right lower lobe of lung,SNOMED_CT,77831004,anatomy,Right lower lobe of lung,RLL;right lower lobe,anatomy,2025-01-31
T0053,Right middle lobe of lung,SNOMED_CT,72481006,anatomy,Right middle lobe of lung,RML;right middle lobe,anatomy,2025-01-31
T0054,Left upper lobe of lung,SNOMED_CT,41224006,anatomy,Left upper lobe of lung,LUL;left upper lobe,anatomy,2025-01-31
T0055,Left lower lobe of lung,SNOMED_CT,77831004,anatomy,Left lower lobe of lung,LLL;left lower lobe,anatomy,2025-01-31
T0056,Axillary lymph node,SNOMED_CT,68171009,anatomy,Axillary lymph node structure,axillary node;axillary LN;ALN,anatomy,2025-01-31
T0057,Sentinel lymph node,SNOMED_CT,245294001,anatomy,Sentinel lymph node,SLN;sentinel node,anatomy,2025-01-31
T0058,Mediastinal lymph node,SNOMED_CT,62683002,anatomy,Mediastinal lymph node structure,mediastinal node;hilar lymph node,anatomy,2025-01-31
T0059,Liver structure,SNOMED_CT,10200004,anatomy,Liver structure,liver;hepatic,anatomy,2025-01-31
T0060,Pancreas structure,SNOMED_CT,15776009,anatomy,Pancreas structure,pancreas;pancreatic,anatomy,2025-01-31
T0061,Prostate gland structure,SNOMED_CT,41216001,anatomy,Prostate gland structure,prostate;prostatic gland,anatomy,2025-01-31
T0062,Kidney structure,SNOMED_CT,64033007,anatomy,Kidney structure,kidney;renal,anatomy,2025-01-31
T0063,Bladder structure,SNOMED_CT,89837001,anatomy,Urinary bladder structure,bladder;urinary bladder,anatomy,2025-01-31
T0064,Ovary structure,SNOMED_CT,15497006,anatomy,Ovary structure,ovary;ovarian,anatomy,2025-01-31
T0065,Uterus structure,SNOMED_CT,35039007,anatomy,Uterus structure,uterus;womb;uterine,anatomy,2025-01-31
T0066,Esophagus structure,SNOMED_CT,32849002,anatomy,Esophageal structure,esophagus;oesophagus,anatomy,2025-01-31
T0067,Stomach structure,SNOMED_CT,69695003,anatomy,Stomach structure,stomach;gastric,anatomy,2025-01-31
T0068,Bone structure,SNOMED_CT,272673000,anatomy,Bone structure,bone;skeletal;osseous,anatomy,2025-01-31
T0069,Brain structure,SNOMED_CT,12738006,anatomy,Brain structure,brain;cerebral;intracranial,anatomy,2025-01-31
T0070,Modified radical mastectomy,SNOMED_CT,172456002,procedure,Modified radical mastectomy,MRM;radical mastectomy,procedure,2025-01-31
T0071,Simple mastectomy,SNOMED_CT,387701007,procedure,Simple mastectomy,total mastectomy;bilateral mastectomy,procedure,2025-01-31
T0072,Breast-conserving surgery,SNOMED_CT,392090004,procedure,Lumpectomy,lumpectomy;BCS;wide local excision;WLE;breast conserving;partial mastectomy,procedure,2025-01-31
T0073,Core needle biopsy,SNOMED_CT,44578009,procedure,Core needle biopsy,CNB;core biopsy;tru-cut biopsy,procedure,2025-01-31
T0074,Excisional biopsy,SNOMED_CT,65801008,procedure,Excision biopsy,excision biopsy;open biopsy,procedure,2025-01-31
T0075,Fine needle aspiration,SNOMED_CT,236892000,procedure,Fine needle aspiration biopsy,FNA;FNAB;aspiration cytology,procedure,2025-01-31
T0076,Sentinel lymph node biopsy,SNOMED_CT,396487001,procedure,Sentinel lymph node biopsy,SLNB;sentinel node biopsy;blue dye technique,procedure,2025-01-31
T0077,Axillary lymph node dissection,SNOMED_CT,122459003,procedure,Axillary lymph node dissection,ALND;axillary clearance;level I-II dissection,procedure,2025-01-31
T0078,Right hemicolectomy,SNOMED_CT,173171007,procedure,Right hemicolectomy,right colectomy;right hemi;extended right colectomy,procedure,2025-01-31
T0079,Left hemicolectomy,SNOMED_CT,84631004,procedure,Left hemicolectomy,left colectomy;sigmoid resection,procedure,2025-01-31
T0080,Low anterior resection,SNOMED_CT,26390003,procedure,Low anterior resection of rectum,LAR;anterior resection;rectal resection,procedure,2025-01-31
T0081,Abdominoperineal resection,SNOMED_CT,7411006,procedure,Abdominoperineal excision of the rectum,APR;Miles procedure;AP resection,procedure,2025-01-31
T0082,Lobectomy of lung,SNOMED_CT,51030005,procedure,Lobectomy of lung,lung lobectomy;pulmonary lobectomy,procedure,2025-01-31
T0083,Pneumonectomy,SNOMED_CT,91710007,procedure,Pneumonectomy,total pneumonectomy;lung removal,procedure,2025-01-31
T0084,Neoadjuvant chemotherapy,SNOMED_CT,415070008,procedure,Neoadjuvant chemotherapy,pre-operative chemo;induction chemotherapy;NACT;primary systemic therapy,procedure,2025-01-31
T0085,Radiation therapy,SNOMED_CT,108290001,procedure,Radiation therapy,radiotherapy;RT;XRT;external beam radiation,procedure,2025-01-31
T0086,Nottingham Grade 1,SNOMED_CT,369782007,staging,Nottingham histological grade 1,grade 1;well differentiated;low grade;G1,stage,2025-01-31
T0087,Nottingham Grade 2,SNOMED_CT,369783002,staging,Nottingham histological grade 2,grade 2;moderately differentiated;intermediate grade;G2,stage,2025-01-31
T0088,Nottingham Grade 3,SNOMED_CT,369784008,staging,Nottingham histological grade 3,grade 3;poorly differentiated;high grade;G3,stage,2025-01-31
T0089,AJCC Stage I,SNOMED_CT,1229947003,staging,American Joint Commission on Cancer stage I,stage I;early stage;T1N0M0,stage,2025-01-31
T0090,AJCC Stage IA,SNOMED_CT,1229948008,staging,American Joint Commission on Cancer stage IA,stage IA;pT1aN0M0,stage,2025-01-31
T0091,AJCC Stage IB,SNOMED_CT,1229949000,staging,American Joint Commission on Cancer stage IB,stage IB;pT1bN0M0,stage,2025-01-31
T0092,AJCC Stage II,SNOMED_CT,1229954009,staging,American Joint Commission on Cancer stage II,stage II;stage IIA;stage IIB,stage,2025-01-31
T0093,AJCC Stage IIA,SNOMED_CT,1229955005,staging,American Joint Commission on Cancer stage IIA,stage IIA;pT2N0M0;pT1N1M0,stage,2025-01-31
T0094,AJCC Stage IIB,SNOMED_CT,1229956006,staging,American Joint Commission on Cancer stage IIB,stage IIB;pT3N0M0;pT2N1M0,stage,2025-01-31
T0095,AJCC Stage III,SNOMED_CT,1229957002,staging,American Joint Commission on Cancer stage III,stage III;locally advanced;IIIA;IIIB;IIIC,stage,2025-01-31
T0096,AJCC Stage IIIA,SNOMED_CT,1229958007,staging,American Joint Commission on Cancer stage IIIA,stage IIIA;pT3N1M0,stage,2025-01-31
T0097,AJCC Stage IIIB,SNOMED_CT,1229959004,staging,American Joint Commission on Cancer stage IIIB,stage IIIB;pT4N0M0;locally advanced disease,stage,2025-01-31
T0098,AJCC Stage IIIC,SNOMED_CT,1229960009,staging,American Joint Commission on Cancer stage IIIC,stage IIIC;N3 disease,stage,2025-01-31
T0099,AJCC Stage IV,SNOMED_CT,1229961008,staging,American Joint Commission on Cancer stage IV,stage IV;advanced;metastatic;M1;IVA;IVB,stage,2025-01-31
T0100,pT1 tumor,SNOMED_CT,1229946007,staging,pT1 Tumor 2 cm or less,pT1;T1;T1a;T1b;T1c,stage,2025-01-31
T0101,pT2 tumor,SNOMED_CT,1229950000,staging,pT2 Tumor more than 2 cm but not more than 5 cm,pT2;T2,stage,2025-01-31
T0102,pT3 tumor,SNOMED_CT,1229951001,staging,pT3 Tumor more than 5 cm,pT3;T3,stage,2025-01-31
T0103,pT4 tumor,SNOMED_CT,1229952008,staging,pT4 Tumor with direct extension,pT4;T4;chest wall invasion;skin involvement,stage,2025-01-31
T0104,pN0 node status,SNOMED_CT,1229953003,staging,pN0 No regional lymph node metastasis,pN0;N0;node negative;no nodal metastasis,stage,2025-01-31
T0105,pN1 node status,SNOMED_CT,1229962001,staging,pN1 Metastasis in 1-3 axillary lymph nodes,pN1;N1;pN1a;pN1mi;micrometastasis,stage,2025-01-31
T0106,pN2 node status,SNOMED_CT,1229963006,staging,pN2 Metastasis in 4-9 lymph nodes,pN2;N2;pN2a;extensive nodal involvement,stage,2025-01-31
T0107,pN3 node status,SNOMED_CT,1229964000,staging,pN3 Metastasis in 10 or more lymph nodes,pN3;N3;supraclavicular nodes,stage,2025-01-31
T0108,pM0 No distant metastasis,SNOMED_CT,1229965004,staging,pM0 No distant metastasis,pM0;M0;no distant spread;no metastasis,stage,2025-01-31
T0109,pM1 Distant metastasis present,SNOMED_CT,1229966003,staging,pM1 Distant metastasis,pM1;M1;distant spread;metastatic disease,stage,2025-01-31
T0110,Lymphovascular invasion,SNOMED_CT,1254905005,pathology_feature,Lymphovascular invasion,LVI;lymphovascular space invasion;angiolymphatic invasion;LVSI,finding,2025-01-31
T0111,Perineural invasion,SNOMED_CT,281765004,pathology_feature,Perineural invasion,PNI;neural invasion;perineural growth,finding,2025-01-31
T0112,Positive surgical margin,SNOMED_CT,370052007,pathology_feature,Tumor cells at surgical margin,positive margin;involved margin;R1 resection;close margin,finding,2025-01-31
T0113,Negative surgical margin,SNOMED_CT,370053002,pathology_feature,No tumor at surgical margin,clear margin;free margin;R0 resection;adequate margin,finding,2025-01-31
T0114,Extranodal extension,SNOMED_CT,281473000,pathology_feature,Extranodal extension of carcinoma in lymph node,ENE;extracapsular extension;ECE;perinodal invasion,finding,2025-01-31
T0115,Lymph node micrometastasis,SNOMED_CT,712740003,pathology_feature,Micrometastasis in lymph node,pN1mi;micrometastasis;isolated tumor cells;ITC,finding,2025-01-31
T0116,Vascular invasion,SNOMED_CT,418414003,pathology_feature,Vascular invasion,blood vessel invasion;angioinvasion,finding,2025-01-31
T0117,Tumor necrosis,SNOMED_CT,405984006,pathology_feature,Tumor necrosis,necrosis;intratumoral necrosis,finding,2025-01-31
T0118,Multifocal tumor,SNOMED_CT,765278002,pathology_feature,Multifocal neoplasm,multifocal;multiple foci;synchronous lesions,finding,2025-01-31
T0119,Estrogen receptor positive,SNOMED_CT,416053008,biomarker,Estrogen receptor positive tumor,ER positive;ER+;hormone receptor positive,finding,2025-01-31
T0120,Estrogen receptor negative,SNOMED_CT,416237000,biomarker,Estrogen receptor negative tumor,ER negative;ER-;estrogen receptor negative,finding,2025-01-31
T0121,Progesterone receptor positive,SNOMED_CT,416053008,biomarker,Progesterone receptor positive tumor,PR positive;PR+;PgR positive,finding,2025-01-31
T0122,Progesterone receptor negative,SNOMED_CT,416237000,biomarker,Progesterone receptor negative tumor,PR negative;PR-;PgR negative,finding,2025-01-31
T0123,HER2 protein overexpression,SNOMED_CT,427413009,biomarker,HER2 positive status,HER2+;HER2 3+;HER2 2+ FISH amplified;ERBB2 amplification;c-erbB2 positive,finding,2025-01-31
T0124,HER2 negative,SNOMED_CT,432878004,biomarker,HER2 negative status,HER2-;HER2 0;HER2 1+;HER2 2+ FISH not amplified,finding,2025-01-31
T0125,KRAS mutation present,SNOMED_CT,1255855001,biomarker,KRAS gene mutation present,KRAS mutant;KRAS mutation;KRAS G12D;KRAS G12V;RAS mutation,finding,2025-01-31
T0126,KRAS wild-type,SNOMED_CT,1255856000,biomarker,KRAS wild type,KRAS WT;KRAS wild type;RAS wild type;KRAS negative,finding,2025-01-31
T0127,EGFR mutation present,SNOMED_CT,1255837007,biomarker,EGFR gene mutation present,EGFR mutant;EGFR mutation;sensitizing EGFR mutation;EGFR exon 19 del;EGFR L858R,finding,2025-01-31
T0128,BRAF V600E mutation,SNOMED_CT,1255840007,biomarker,BRAF V600E mutation,BRAF mutation;BRAF V600E;BRAF mutant;BRAF-mutated melanoma,finding,2025-01-31
T0129,ALK rearrangement,SNOMED_CT,1255841006,biomarker,ALK gene rearrangement,ALK fusion;ALK translocation;ALK-positive NSCLC;EML4-ALK,finding,2025-01-31
T0130,ROS1 rearrangement,SNOMED_CT,1255842004,biomarker,ROS1 gene rearrangement,ROS1 fusion;ROS1 rearrangement;ROS1-positive NSCLC,finding,2025-01-31
T0131,PD-L1 expression positive,SNOMED_CT,1255843009,biomarker,PD-L1 expression,PD-L1 positive;PD-L1 TPS;programmed death ligand 1;CD274;IC score,finding,2025-01-31
T0132,Microsatellite instability high,SNOMED_CT,1148595006,biomarker,Microsatellite instability high,MSI-H;MSI high;deficient mismatch repair;dMMR,finding,2025-01-31
T0133,Microsatellite stable,SNOMED_CT,1148594005,biomarker,Microsatellite stable,MSS;microsatellite stable;pMMR;proficient mismatch repair,finding,2025-01-31
T0134,MLH1 protein loss,SNOMED_CT,1255844003,biomarker,MLH1 protein expression absent,MLH1 loss;MLH1 absent;MLH1 mismatch repair;MLH1 IHC negative,finding,2025-01-31
T0135,MSH2 protein loss,SNOMED_CT,1255845002,biomarker,MSH2 protein expression absent,MSH2 loss;MSH2 absent;MSH2 mismatch repair;MSH2 IHC negative,finding,2025-01-31
T0136,Malignant neoplasm breast unspecified,ICD_10_CM,C50.919,cancer_type,Malignant neoplasm of unspecified site of unspecified female breast,breast cancer NOS;breast carcinoma unspecified side,histology,FY2025
T0137,Malignant neoplasm central breast,ICD_10_CM,C50.119,cancer_type,Malignant neoplasm of central portion of unspecified female breast,central breast cancer;retroareolar carcinoma,histology,FY2025
T0138,Malignant neoplasm upper-outer quadrant breast,ICD_10_CM,C50.419,cancer_type,Malignant neoplasm of upper-outer quadrant of unspecified female breast,UOQ breast cancer;upper outer breast cancer,histology,FY2025
T0139,Malignant neoplasm upper-inner quadrant breast,ICD_10_CM,C50.219,cancer_type,Malignant neoplasm of upper-inner quadrant of unspecified female breast,UIQ breast cancer;upper inner breast cancer,histology,FY2025
T0140,Malignant neoplasm lower-outer quadrant breast,ICD_10_CM,C50.519,cancer_type,Malignant neoplasm of lower-outer quadrant of unspecified female breast,LOQ breast cancer;lower outer breast cancer,histology,FY2025
T0141,Malignant neoplasm lower-inner quadrant breast,ICD_10_CM,C50.619,cancer_type,Malignant neoplasm of lower-inner quadrant of unspecified female breast,LIQ breast cancer;lower inner breast cancer,histology,FY2025
T0142,Malignant neoplasm overlapping sites breast,ICD_10_CM,C50.819,cancer_type,Malignant neoplasm of overlapping sites of unspecified female breast,overlapping breast lesion;multiquadrant breast cancer,histology,FY2025
T0143,Carcinoma in situ of breast,ICD_10_CM,D05.90,cancer_type,Unspecified type of carcinoma in situ of unspecified breast,CIS breast;DCIS;LCIS;breast in situ carcinoma,histology,FY2025
T0144,Ductal carcinoma in situ of breast ICD10,ICD_10_CM,D05.10,cancer_type,Intraductal carcinoma in situ of unspecified breast,DCIS;intraductal carcinoma;ductal in situ,histology,FY2025
T0145,Lobular carcinoma in situ of breast ICD10,ICD_10_CM,D05.00,cancer_type,Lobular carcinoma in situ of unspecified breast,LCIS;lobular in situ;lobular neoplasia,histology,FY2025
T0146,Malignant neoplasm of cecum ICD10,ICD_10_CM,C18.0,cancer_type,Malignant neoplasm of cecum,cecal cancer;cecal carcinoma;ileocecal carcinoma,histology,FY2025
T0147,Malignant neoplasm of appendix,ICD_10_CM,C18.1,cancer_type,Malignant neoplasm of appendix,appendiceal cancer;appendix carcinoma,histology,FY2025
T0148,Malignant neoplasm of ascending colon,ICD_10_CM,C18.2,cancer_type,Malignant neoplasm of ascending colon,ascending colon cancer;right colon cancer,histology,FY2025
T0149,Malignant neoplasm of hepatic flexure,ICD_10_CM,C18.3,cancer_type,Malignant neoplasm of hepatic flexure,hepatic flexure cancer,histology,FY2025
T0150,Malignant neoplasm of transverse colon,ICD_10_CM,C18.4,cancer_type,Malignant neoplasm of transverse colon,transverse colon cancer,histology,FY2025
T0151,Malignant neoplasm of splenic flexure,ICD_10_CM,C18.5,cancer_type,Malignant neoplasm of splenic flexure,splenic flexure cancer;left colic flexure cancer,histology,FY2025
T0152,Malignant neoplasm of descending colon,ICD_10_CM,C18.6,cancer_type,Malignant neoplasm of descending colon,descending colon cancer;left colon cancer,histology,FY2025
T0153,Malignant neoplasm of sigmoid colon ICD10,ICD_10_CM,C18.7,cancer_type,Malignant neoplasm of sigmoid colon,sigmoid colon cancer;sigmoid adenocarcinoma;pelvic colon cancer,histology,FY2025
T0154,Malignant neoplasm of rectosigmoid junction,ICD_10_CM,C19,cancer_type,Malignant neoplasm of rectosigmoid junction,rectosigmoid cancer;RS junction cancer,histology,FY2025
T0155,Malignant neoplasm of rectum ICD10,ICD_10_CM,C20,cancer_type,Malignant neoplasm of rectum,rectal cancer;rectal carcinoma;rectal adenocarcinoma,histology,FY2025
T0156,Malignant neoplasm of anus,ICD_10_CM,C21.0,cancer_type,Malignant neoplasm of anus unspecified,anal cancer;anal carcinoma,histology,FY2025
T0157,Malignant neoplasm upper lobe bronchus and lung,ICD_10_CM,C34.10,cancer_type,Malignant neoplasm of upper lobe unspecified bronchus and lung,upper lobe lung cancer;upper lobe NSCLC,histology,FY2025
T0158,Malignant neoplasm middle lobe bronchus and lung,ICD_10_CM,C34.2,cancer_type,Malignant neoplasm of middle lobe bronchus and lung,middle lobe lung cancer;RML lung cancer,histology,FY2025
T0159,Malignant neoplasm lower lobe bronchus and lung,ICD_10_CM,C34.30,cancer_type,Malignant neoplasm of lower lobe unspecified bronchus and lung,lower lobe lung cancer;lower lobe NSCLC,histology,FY2025
T0160,Malignant neoplasm main bronchus,ICD_10_CM,C34.00,cancer_type,Malignant neoplasm of unspecified main bronchus,main bronchus cancer;central lung cancer,histology,FY2025
T0161,Malignant neoplasm liver primary ICD10,ICD_10_CM,C22.0,cancer_type,Hepatocellular carcinoma,HCC;liver cell carcinoma;primary hepatic cancer,histology,FY2025
T0162,Malignant neoplasm bile duct ICD10,ICD_10_CM,C22.1,cancer_type,Intrahepatic bile duct carcinoma,cholangiocarcinoma;bile duct cancer;ICC,histology,FY2025
T0163,Malignant neoplasm head of pancreas,ICD_10_CM,C25.0,cancer_type,Malignant neoplasm of head of pancreas,pancreatic head cancer;periampullary cancer,histology,FY2025
T0164,Malignant neoplasm body of pancreas,ICD_10_CM,C25.1,cancer_type,Malignant neoplasm of body of pancreas,pancreatic body cancer,histology,FY2025
T0165,Malignant neoplasm tail of pancreas,ICD_10_CM,C25.2,cancer_type,Malignant neoplasm of tail of pancreas,pancreatic tail cancer;distal pancreatic cancer,histology,FY2025
T0166,Malignant neoplasm of stomach ICD10,ICD_10_CM,C16.9,cancer_type,Malignant neoplasm of stomach unspecified,gastric cancer;stomach cancer;gastric carcinoma,histology,FY2025
T0167,Malignant neoplasm of esophagus ICD10,ICD_10_CM,C15.9,cancer_type,Malignant neoplasm of esophagus unspecified,esophageal cancer;oesophageal cancer;esophageal carcinoma,histology,FY2025
T0168,Malignant neoplasm of prostate ICD10,ICD_10_CM,C61,cancer_type,Malignant neoplasm of prostate,prostate cancer;prostatic carcinoma;adenocarcinoma of prostate;PCa,histology,FY2025
T0169,Malignant neoplasm of kidney ICD10,ICD_10_CM,C64.9,cancer_type,Malignant neoplasm of unspecified kidney except renal pelvis,kidney cancer;renal cell carcinoma;RCC;clear cell RCC,histology,FY2025
T0170,Malignant neoplasm of bladder ICD10,ICD_10_CM,C67.9,cancer_type,Malignant neoplasm of bladder unspecified,bladder cancer;urothelial carcinoma;TCC bladder;transitional cell carcinoma,histology,FY2025
T0171,Diffuse large B-cell lymphoma ICD10,ICD_10_CM,C83.30,cancer_type,Diffuse large B-cell lymphoma unspecified site,DLBCL;aggressive NHL;diffuse large B cell,histology,FY2025
T0172,Follicular lymphoma grade 1 ICD10,ICD_10_CM,C82.00,cancer_type,Follicular lymphoma grade 1 unspecified site,follicular lymphoma G1;indolent NHL;grade 1 follicular,histology,FY2025
T0173,Follicular lymphoma grade 2 ICD10,ICD_10_CM,C82.10,cancer_type,Follicular lymphoma grade 2 unspecified site,follicular lymphoma G2;grade 2 follicular,histology,FY2025
T0174,Hodgkin lymphoma nodular sclerosis ICD10,ICD_10_CM,C81.10,cancer_type,Nodular sclerosis Hodgkin lymphoma unspecified site,Hodgkin disease NSHL;nodular sclerosis classical HL,histology,FY2025
T0175,Multiple myeloma ICD10,ICD_10_CM,C90.00,cancer_type,Multiple myeloma not having achieved remission,plasma cell myeloma;Kahler disease;myelomatosis,histology,FY2025
T0176,Acute myeloid leukemia ICD10,ICD_10_CM,C92.00,cancer_type,Acute myeloid leukemia not having achieved remission,AML;acute myelogenous leukemia;acute nonlymphocytic leukemia,histology,FY2025
T0177,Chronic myeloid leukemia BCR-ABL ICD10,ICD_10_CM,C92.10,cancer_type,Chronic myeloid leukemia BCR/ABL-positive not having achieved remission,CML;BCR-ABL positive leukemia;Philadelphia chromosome positive CML,histology,FY2025
T0178,Malignant melanoma of skin ICD10,ICD_10_CM,C43.9,cancer_type,Malignant melanoma of skin unspecified,melanoma;cutaneous melanoma;skin melanoma;malignant melanoma,histology,FY2025
T0179,Secondary malignant neoplasm lymph nodes ICD10,ICD_10_CM,C77.9,cancer_type,Secondary and unspecified malignant neoplasm of lymph node unspecified,lymph node metastasis;nodal metastasis;secondary nodes,finding,FY2025
T0180,Secondary malignant neoplasm liver ICD10,ICD_10_CM,C78.7,cancer_type,Secondary malignant neoplasm of liver and intrahepatic bile duct,liver metastasis;hepatic metastasis;liver mets,finding,FY2025
T0181,Secondary malignant neoplasm lung ICD10,ICD_10_CM,C78.00,cancer_type,Secondary malignant neoplasm of unspecified lung,lung metastasis;pulmonary metastasis;lung mets,finding,FY2025
T0182,Secondary malignant neoplasm bone ICD10,ICD_10_CM,C79.51,cancer_type,Secondary malignant neoplasm of bone,bone metastasis;skeletal metastasis;osseous metastasis;bone mets,finding,FY2025
T0183,Secondary malignant neoplasm brain ICD10,ICD_10_CM,C79.31,cancer_type,Secondary malignant neoplasm of brain,brain metastasis;cerebral metastasis;brain mets;intracranial metastasis,finding,FY2025
T0184,Secondary malignant neoplasm adrenal ICD10,ICD_10_CM,C79.70,cancer_type,Secondary malignant neoplasm of unspecified adrenal gland,adrenal metastasis;adrenal mets,finding,FY2025
T0185,Carcinoma NOS,ICD_O_3,8010/3,morphology,Carcinoma NOS,carcinoma;cancer;carcinomatous,histology,Ed3.2-2025
T0186,Carcinoma in situ NOS,ICD_O_3,8010/2,morphology,Carcinoma in situ NOS,CIS;in situ carcinoma;carcinoma in situ,histology,Ed3.2-2025
T0187,Adenocarcinoma NOS ICD-O,ICD_O_3,8140/3,morphology,Adenocarcinoma NOS,adenocarcinoma;glandular carcinoma;adeno-CA,histology,Ed3.2-2025
T0188,Adenocarcinoma in situ ICD-O,ICD_O_3,8140/2,morphology,Adenocarcinoma in situ,AIS;glandular in situ;adenocarcinoma in situ,histology,Ed3.2-2025
T0189,Invasive ductal carcinoma NOS ICD-O,ICD_O_3,8500/3,morphology,Infiltrating duct carcinoma NOS,IDC;NST;invasive ductal NOS;infiltrating ductal carcinoma;invasive breast carcinoma of no special type,histology,Ed3.2-2025
T0190,Ductal carcinoma in situ NOS ICD-O,ICD_O_3,8500/2,morphology,Intraductal carcinoma NOS,DCIS;intraductal carcinoma;ductal in situ,histology,Ed3.2-2025
T0191,Invasive lobular carcinoma ICD-O,ICD_O_3,8520/3,morphology,Lobular carcinoma NOS,ILC;infiltrating lobular carcinoma;invasive lobular,histology,Ed3.2-2025
T0192,Lobular carcinoma in situ ICD-O,ICD_O_3,8520/2,morphology,Lobular carcinoma in situ NOS,LCIS;lobular neoplasia;atypical lobular hyperplasia,histology,Ed3.2-2025
T0193,Mucinous adenocarcinoma ICD-O,ICD_O_3,8480/3,morphology,Mucinous adenocarcinoma,colloid carcinoma;mucus-secreting carcinoma;mucinous CA,histology,Ed3.2-2025
T0194,Signet ring cell carcinoma ICD-O,ICD_O_3,8490/3,morphology,Signet ring cell carcinoma,signet ring cell;mucosecretory carcinoma;linitis plastica pattern,histology,Ed3.2-2025
T0195,Papillary adenocarcinoma ICD-O,ICD_O_3,8260/3,morphology,Papillary adenocarcinoma NOS,papillary carcinoma;papillary adenoca,histology,Ed3.2-2025
T0196,Tubular adenocarcinoma ICD-O,ICD_O_3,8211/3,morphology,Tubular adenocarcinoma,tubular carcinoma;tubular pattern adenocarcinoma,histology,Ed3.2-2025
T0197,Squamous cell carcinoma NOS ICD-O,ICD_O_3,8070/3,morphology,Squamous cell carcinoma NOS,SCC;squamous carcinoma;epidermoid carcinoma,histology,Ed3.2-2025
T0198,Squamous cell carcinoma in situ ICD-O,ICD_O_3,8070/2,morphology,Squamous cell carcinoma in situ NOS,SCC in situ;high grade SIL;Bowen disease;squamous CIS,histology,Ed3.2-2025
T0199,Small cell carcinoma NOS ICD-O,ICD_O_3,8041/3,morphology,Small cell carcinoma NOS,oat cell carcinoma;SCLC;small cell lung;small cell neuroendocrine,histology,Ed3.2-2025
T0200,Large cell carcinoma NOS ICD-O,ICD_O_3,8012/3,morphology,Large cell carcinoma NOS,LCLC;large cell lung carcinoma;large cell undifferentiated,histology,Ed3.2-2025
T0201,Neuroendocrine carcinoma NOS ICD-O,ICD_O_3,8246/3,morphology,Neuroendocrine carcinoma NOS,NEC;high grade neuroendocrine;poorly differentiated NEC,histology,Ed3.2-2025
T0202,Carcinoid tumor NOS ICD-O,ICD_O_3,8240/3,morphology,Carcinoid tumor NOS,well differentiated NET;neuroendocrine tumor grade 1;typical carcinoid,histology,Ed3.2-2025
T0203,Medullary carcinoma NOS ICD-O,ICD_O_3,8510/3,morphology,Medullary carcinoma NOS,medullary carcinoma;medullary pattern,histology,Ed3.2-2025
T0204,Hepatocellular carcinoma NOS ICD-O,ICD_O_3,8170/3,morphology,Hepatocellular carcinoma NOS,HCC;liver cell carcinoma;hepatocarcinoma,histology,Ed3.2-2025
T0205,Acinar cell adenocarcinoma ICD-O,ICD_O_3,8550/3,morphology,Acinar cell carcinoma,acinar cell carcinoma;acinar cell adenocarcinoma,histology,Ed3.2-2025
T0206,Melanoma NOS ICD-O,ICD_O_3,8720/3,morphology,Malignant melanoma NOS,melanoma;cutaneous melanoma;malignant melanoma,histology,Ed3.2-2025
T0207,Superficial spreading melanoma ICD-O,ICD_O_3,8743/3,morphology,Superficial spreading melanoma,SSM;radial growth phase melanoma,histology,Ed3.2-2025
T0208,Nodular melanoma ICD-O,ICD_O_3,8721/3,morphology,Nodular melanoma,nodular melanoma;vertical growth phase melanoma,histology,Ed3.2-2025
T0209,Diffuse large B-cell lymphoma NOS ICD-O,ICD_O_3,9680/3,morphology,Malignant lymphoma large B-cell diffuse NOS,DLBCL;diffuse large B cell lymphoma;aggressive B-cell lymphoma,histology,Ed3.2-2025
T0210,Follicular lymphoma NOS ICD-O,ICD_O_3,9690/3,morphology,Follicular lymphoma NOS,follicular NHL;indolent B-cell lymphoma,histology,Ed3.2-2025
T0211,Hodgkin lymphoma nodular sclerosis ICD-O,ICD_O_3,9663/3,morphology,Hodgkin lymphoma nodular sclerosis NOS,NSHL;nodular sclerosis Hodgkin;classical HL NSHL,histology,Ed3.2-2025
T0212,Plasma cell myeloma ICD-O,ICD_O_3,9732/3,morphology,Plasma cell myeloma,multiple myeloma;myelomatosis;Kahler disease,histology,Ed3.2-2025
T0213,Acute myeloid leukemia NOS ICD-O,ICD_O_3,9861/3,morphology,Acute myeloid leukemia NOS,AML;acute myelogenous leukemia;ANLL,histology,Ed3.2-2025
T0214,Gastrointestinal stromal tumor ICD-O,ICD_O_3,8936/3,morphology,Gastrointestinal stromal tumor malignant,GIST;GI stromal tumor;c-KIT positive tumor,histology,Ed3.2-2025
T0215,Nipple ICD-O,ICD_O_3,C50.0,topography,Nipple of breast,nipple;areola;mammary nipple,anatomy,Ed3.2-2025
T0216,Central portion of breast ICD-O,ICD_O_3,C50.1,topography,Central portion of breast,central breast;retroareolar region,anatomy,Ed3.2-2025
T0217,Upper inner quadrant breast ICD-O,ICD_O_3,C50.2,topography,Upper-inner quadrant of breast,UIQ breast;upper inner breast,anatomy,Ed3.2-2025
T0218,Lower inner quadrant breast ICD-O,ICD_O_3,C50.3,topography,Lower-inner quadrant of breast,LIQ breast;lower inner breast,anatomy,Ed3.2-2025
T0219,Upper outer quadrant breast ICD-O,ICD_O_3,C50.4,topography,Upper-outer quadrant of breast,UOQ breast;upper outer breast;most common quadrant,anatomy,Ed3.2-2025
T0220,Lower outer quadrant breast ICD-O,ICD_O_3,C50.5,topography,Lower-outer quadrant of breast,LOQ breast;lower outer breast,anatomy,Ed3.2-2025
T0221,Axillary tail of breast ICD-O,ICD_O_3,C50.6,topography,Axillary tail of breast,axillary tail;tail of Spence;breast axillary extension,anatomy,Ed3.2-2025
T0222,Breast NOS ICD-O,ICD_O_3,C50.9,topography,Breast NOS,breast unspecified;female breast NOS,anatomy,Ed3.2-2025
T0223,Sigmoid colon ICD-O,ICD_O_3,C18.7,topography,Sigmoid colon,sigmoid;pelvic colon,anatomy,Ed3.2-2025
T0224,Rectum ICD-O,ICD_O_3,C20.9,topography,Rectum NOS,rectum;rectal,anatomy,Ed3.2-2025
T0225,Cecum ICD-O,ICD_O_3,C18.0,topography,Cecum,caecum;ileocecal region,anatomy,Ed3.2-2025
T0226,Ascending colon ICD-O,ICD_O_3,C18.2,topography,Ascending colon,ascending colon;right colon,anatomy,Ed3.2-2025
T0227,Transverse colon ICD-O,ICD_O_3,C18.4,topography,Transverse colon,transverse colon,anatomy,Ed3.2-2025
T0228,Descending colon ICD-O,ICD_O_3,C18.6,topography,Descending colon,descending colon;left colon,anatomy,Ed3.2-2025
T0229,Hepatic flexure ICD-O,ICD_O_3,C18.3,topography,Hepatic flexure of colon,hepatic flexure;right colic flexure,anatomy,Ed3.2-2025
T0230,Splenic flexure ICD-O,ICD_O_3,C18.5,topography,Splenic flexure of colon,splenic flexure;left colic flexure,anatomy,Ed3.2-2025
T0231,Rectosigmoid junction ICD-O,ICD_O_3,C19.9,topography,Rectosigmoid junction,rectosigmoid;RS junction,anatomy,Ed3.2-2025
T0232,Upper lobe bronchus and lung ICD-O,ICD_O_3,C34.1,topography,Upper lobe bronchus and lung,upper lobe lung;ULL;apex of lung,anatomy,Ed3.2-2025
T0233,Middle lobe bronchus and lung ICD-O,ICD_O_3,C34.2,topography,Middle lobe bronchus and lung,middle lobe lung;RML,anatomy,Ed3.2-2025
T0234,Lower lobe bronchus and lung ICD-O,ICD_O_3,C34.3,topography,Lower lobe bronchus and lung,lower lobe lung;LLL;base of lung,anatomy,Ed3.2-2025
T0235,Liver ICD-O,ICD_O_3,C22.0,topography,Liver,liver;hepatic;hepatic parenchyma,anatomy,Ed3.2-2025
T0236,Pancreas ICD-O,ICD_O_3,C25.9,topography,Pancreas NOS,pancreas;pancreatic,anatomy,Ed3.2-2025
T0237,Prostate gland ICD-O,ICD_O_3,C61.9,topography,Prostate gland,prostate;prostatic,anatomy,Ed3.2-2025
T0238,Kidney NOS ICD-O,ICD_O_3,C64.9,topography,Kidney NOS,kidney;renal,anatomy,Ed3.2-2025
T0239,Bladder NOS ICD-O,ICD_O_3,C67.9,topography,Bladder NOS,bladder;urinary bladder;vesical,anatomy,Ed3.2-2025
T0240,Ovary ICD-O,ICD_O_3,C56.9,topography,Ovary,ovary;ovarian,anatomy,Ed3.2-2025
T0241,Uterus NOS ICD-O,ICD_O_3,C55.9,topography,Uterus NOS,uterus;uterine;womb,anatomy,Ed3.2-2025
T0242,Stomach NOS ICD-O,ICD_O_3,C16.9,topography,Stomach NOS,stomach;gastric,anatomy,Ed3.2-2025
T0243,Esophagus NOS ICD-O,ICD_O_3,C15.9,topography,Esophagus NOS,esophagus;oesophagus,anatomy,Ed3.2-2025
T0244,Thyroid gland ICD-O,ICD_O_3,C73.9,topography,Thyroid gland,thyroid;thyroid gland,anatomy,Ed3.2-2025
T0245,Brain NOS ICD-O,ICD_O_3,C71.9,topography,Brain NOS,brain;cerebral;intracranial,anatomy,Ed3.2-2025
T0246,Estrogen receptor Presence by IHC,LOINC,40556-3,biomarker,Estrogen receptor Ag Presence in Tissue by Immune stain,ER status;estrogen receptor;ER IHC;ER immunohistochemistry,assay,2.79
T0247,Estrogen receptor Interpretation LOINC,LOINC,85337-4,biomarker,Estrogen receptor Ag Interpretation in Tissue by Immune stain,ER interpretation;ER result;Allred score ER,assay,2.79
T0248,Progesterone receptor Presence by IHC,LOINC,40557-1,biomarker,Progesterone receptor Ag Presence in Tissue by Immune stain,PR status;progesterone receptor;PR IHC;PgR,assay,2.79
T0249,Progesterone receptor Interpretation LOINC,LOINC,85339-0,biomarker,Progesterone receptor Ag Interpretation in Tissue by Immune stain,PR interpretation;PR result;Allred score PR,assay,2.79
T0250,HER2 IHC Breast Cancer LOINC,LOINC,85319-2,biomarker,HER2 Presence in Breast cancer specimen by Immune stain,HER2 IHC;HER2/neu;c-erbB2;ERBB2 IHC,assay,2.79
T0251,HER2 FISH Breast Cancer LOINC,LOINC,85318-4,biomarker,HER2 gene copy number/CEP17 copy number in Cancer specimen by FISH,HER2 FISH;HER2 amplification;HER2 ISH;ERBB2 FISH,assay,2.79
T0252,HER2 overall score LOINC,LOINC,72383-3,biomarker,HER2 Cancer specimen Interpretation by CAP protocol,HER2 score;HER2 0 1+ 2+ 3+;HER2 result,assay,2.79
T0253,KRAS gene mutation analysis LOINC,LOINC,82457-2,biomarker,KRAS gene mutations found Identifier in Blood or Tissue by Molecular genetics,KRAS mutation;KRAS testing;RAS mutation;KRAS codon 12 13,assay,2.79
T0254,NRAS gene mutation analysis LOINC,LOINC,82458-0,biomarker,NRAS gene mutations found Identifier in Blood or Tissue by Molecular genetics,NRAS mutation;NRAS testing;RAS mutation,assay,2.79
T0255,BRAF gene mutation analysis LOINC,LOINC,49574-1,biomarker,BRAF gene mutations found Identifier in Tissue by Molecular genetics,BRAF mutation;BRAF V600E;BRAF testing,assay,2.79
T0256,EGFR gene mutation analysis Tissue LOINC,LOINC,53049-3,biomarker,EGFR gene mutations found Identifier in Tissue by Molecular genetics,EGFR mutation;EGFR testing;EGFR status;sensitizing EGFR,assay,2.79
T0257,EGFR exon 19 deletion LOINC,LOINC,81197-5,biomarker,EGFR gene exon 19 deletion Presence in Tissue by Molecular genetics,EGFR ex19del;EGFR deletion exon 19;del E746-A750;EGFR 19del,assay,2.79
T0258,EGFR L858R mutation LOINC,LOINC,81198-3,biomarker,EGFR gene p.Leu858Arg Presence in Tissue by Molecular genetics,EGFR L858R;EGFR exon 21;L858R point mutation,assay,2.79
T0259,EGFR T790M mutation LOINC,LOINC,81199-1,biomarker,EGFR gene p.Thr790Met Presence in Tissue by Molecular genetics,EGFR T790M;acquired resistance EGFR;T790M gatekeeper,assay,2.79
T0260,ALK gene rearrangement by FISH LOINC,LOINC,49568-3,biomarker,ALK gene rearrangement in Tissue by FISH,ALK FISH;ALK rearrangement;EML4-ALK;ALK fusion FISH,assay,2.79
T0261,ROS1 gene rearrangement by FISH LOINC,LOINC,88770-7,biomarker,ROS1 gene rearrangement in Tissue by FISH,ROS1 FISH;ROS1 rearrangement;ROS1 fusion,assay,2.79
T0262,PD-L1 expression by IHC LOINC,LOINC,85147-7,biomarker,PD-L1 22C3 Presence in Tissue by Immune stain,PD-L1;PD-L1 TPS;programmed death-ligand 1;CD274;PD-L1 IHC,assay,2.79
T0263,PD-L1 TPS score LOINC,LOINC,96621-4,biomarker,PD-L1 tumor proportion score Interpretation by IHC,TPS;tumor proportion score;PD-L1 percent positive,assay,2.79
T0264,PD-L1 CPS score LOINC,LOINC,96622-2,biomarker,PD-L1 combined positive score Interpretation by IHC,CPS;combined positive score;PD-L1 CPS,assay,2.79
T0265,MLH1 IHC LOINC,LOINC,81218-9,biomarker,MLH1 gene mutation Presence in Blood or Tissue by Molecular genetics,MLH1;MLH1 IHC;MLH1 protein;MLH1 mismatch repair,assay,2.79
T0266,MSH2 IHC LOINC,LOINC,81695-8,biomarker,Microsatellite instability Presence in Cancer specimen by Molecular genetics,MSH2;MSH2 IHC;MSH2 protein;MSH2 mismatch repair,assay,2.79
T0267,MSH6 IHC LOINC,LOINC,81696-6,biomarker,MSH6 gene mutation Presence in Blood or Tissue by Molecular genetics,MSH6;MSH6 IHC;MSH6 protein;MSH6 mismatch repair,assay,2.79
T0268,PMS2 IHC LOINC,LOINC,81697-4,biomarker,PMS2 gene mutation Presence in Blood or Tissue by Molecular genetics,PMS2;PMS2 IHC;PMS2 protein;PMS2 mismatch repair,assay,2.79
T0269,Microsatellite instability testing LOINC,LOINC,85069-3,biomarker,Microsatellite instability Presence in Cancer specimen,MSI;microsatellite instability;MSI-H;MSI-L;MSS;dMMR;pMMR,assay,2.79
T0270,Ki-67 proliferation index LOINC,LOINC,30265-4,biomarker,Ki-67 Ag Presence in Tissue by Immune stain,Ki-67;proliferation index;MIB-1;Ki67 percent;proliferative fraction,assay,2.79
T0271,Ki-67 score LOINC,LOINC,85320-0,biomarker,Ki-67 Interpretation in Cancer specimen by IHC,Ki-67 score;Ki67 interpretation;high Ki-67;low Ki-67,assay,2.79
T0272,CA 15-3 in Serum LOINC,LOINC,6875-9,biomarker,CA 15-3 Units/volume in Serum or Plasma,CA15-3;CA 15-3;breast tumor marker;MUC-1;mucin 1,assay,2.79
T0273,CA 19-9 in Serum LOINC,LOINC,24108-3,biomarker,CA 19-9 Units/volume in Serum or Plasma,CA19-9;CA 19-9;pancreatic tumor marker;sialyl-Lewis X,assay,2.79
T0274,CEA in Serum LOINC,LOINC,2000-8,biomarker,Carcinoembryonic antigen Mass/volume in Serum or Plasma,CEA;carcinoembryonic antigen;colorectal marker;colon cancer marker,assay,2.79
T0275,PSA total in Serum LOINC,LOINC,2857-1,biomarker,Prostate specific Ag Mass/volume in Serum or Plasma,PSA;prostate specific antigen;total PSA;PSA level,assay,2.79
T0276,AFP in Serum LOINC,LOINC,1834-1,biomarker,Alpha-1-fetoprotein Mass/volume in Serum or Plasma,AFP;alpha-fetoprotein;alpha 1 fetoprotein;HCC marker,assay,2.79
T0277,BRCA1 gene mutation LOINC,LOINC,21637-9,biomarker,BRCA1 gene mutations found Identifier in Blood or Tissue by Molecular genetics,BRCA1;BRCA1 mutation;breast cancer gene 1;BRCA1 germline,assay,2.79
T0278,BRCA2 gene mutation LOINC,LOINC,21638-7,biomarker,BRCA2 gene mutations found Identifier in Blood or Tissue by Molecular genetics,BRCA2;BRCA2 mutation;breast cancer gene 2;BRCA2 germline,assay,2.79
T0279,PIK3CA mutation analysis LOINC,LOINC,85230-1,biomarker,PIK3CA gene mutations found Identifier in Blood or Tissue by Molecular genetics,PIK3CA mutation;PIK3CA;phosphatidylinositol pathway;alpelisib target,assay,2.79
T0280,TP53 mutation analysis LOINC,LOINC,21639-5,biomarker,TP53 gene mutations found Identifier in Blood or Tissue by Molecular genetics,TP53;p53;tumor protein 53;TP53 mutation;p53 IHC,assay,2.79
T0281,TMB tumor mutational burden LOINC,LOINC,94077-5,biomarker,Tumor mutation burden interpretation in Cancer specimen by Sequencing,TMB;tumor mutational burden;mutation load;TMB-H;TMB-L,assay,2.79
T0282,Surgical pathology report LOINC,LOINC,11529-5,procedure,Surgical pathology study,pathology report;histopathology;surgical pathology;SP report,procedure,2.79
T0283,Cytology study LOINC,LOINC,47527-7,procedure,Cytology study,cytology;cytopathology;cell study;FNA cytology,procedure,2.79
T0284,Frozen section pathology LOINC,LOINC,11534-5,procedure,Frozen section study,frozen section;intraoperative consultation;FS pathology,procedure,2.79
T0285,Doxorubicin ATC,ATC,L01DB01,drug,Doxorubicin anthracycline antibiotic antineoplastic,adriamycin;hydroxydaunorubicin;doxorubicin HCl;DOX,medication,2025
T0286,Epirubicin ATC,ATC,L01DB03,drug,Epirubicin anthracycline antineoplastic,epirubicin;EPI;farmorubicin;epiadriamycin,medication,2025
T0287,Cyclophosphamide ATC,ATC,L01AA01,drug,Cyclophosphamide alkylating antineoplastic,cytoxan;endoxan;neosar;CTX,medication,2025
T0288,Oxaliplatin ATC,ATC,L01XA03,drug,Oxaliplatin platinum compound antineoplastic,oxaliplatin;eloxatin;FOLFOX component;CRC chemotherapy,medication,2025
T0289,Carboplatin ATC,ATC,L01XA02,drug,Carboplatin platinum compound antineoplastic,carboplatin;CBDCA;paraplatin;carbo,medication,2025
T0290,Cisplatin ATC,ATC,L01XA01,drug,Cisplatin platinum compound antineoplastic,cisplatin;CDDP;platinol;cis-diaminedichloroplatinum,medication,2025
T0291,Paclitaxel ATC,ATC,L01CD01,drug,Paclitaxel taxane antineoplastic,taxol;onxol;paclitaxel;abraxane nab-paclitaxel,medication,2025
T0292,Docetaxel ATC,ATC,L01CD02,drug,Docetaxel taxane antineoplastic,taxotere;docetaxel;DTX;taxane,medication,2025
T0293,5-Fluorouracil ATC,ATC,L01BC02,drug,Fluorouracil antimetabolite antineoplastic,5-FU;fluorouracil;5-fluorouracil;Efudex;Adrucil,medication,2025
T0294,Capecitabine ATC,ATC,L01BC06,drug,Capecitabine oral fluoropyrimidine antineoplastic,capecitabine;xeloda;CAPE;oral 5-FU,medication,2025
T0295,Gemcitabine ATC,ATC,L01BC05,drug,Gemcitabine antimetabolite antineoplastic,gemcitabine;gemzar;GEM;pancreatic cancer chemo,medication,2025
T0296,Pemetrexed ATC,ATC,L01BA04,drug,Pemetrexed antifolate antineoplastic,alimta;pemetrexed;lung cancer chemotherapy;MTA;anti-folate,medication,2025
T0297,Irinotecan ATC,ATC,L01XX19,drug,Irinotecan topoisomerase I inhibitor antineoplastic,irinotecan;CPT-11;camptosar;FOLFIRI component,medication,2025
T0298,Etoposide ATC,ATC,L01CB01,drug,Etoposide podophyllotoxin derivative antineoplastic,etoposide;VP-16;etopophos;vepesid,medication,2025
T0299,Vinorelbine ATC,ATC,L01CA04,drug,Vinorelbine vinca alkaloid antineoplastic,vinorelbine;navelbine;NVB;vinca alkaloid,medication,2025
T0300,Vincristine ATC,ATC,L01CA01,drug,Vincristine vinca alkaloid antineoplastic,vincristine;oncovin;VCR;vinca alkaloid CHOP,medication,2025
T0301,Gefitinib ATC,ATC,L01XE02,drug,Gefitinib EGFR tyrosine kinase inhibitor 1st gen,iressa;gefitinib;EGFR TKI first generation,medication,2025
T0302,Erlotinib ATC,ATC,L01XE03,drug,Erlotinib EGFR tyrosine kinase inhibitor 1st gen,tarceva;erlotinib;EGFR inhibitor;HER1 TKI,medication,2025
T0303,Afatinib ATC,ATC,L01XE13,drug,Afatinib EGFR/HER2 tyrosine kinase inhibitor 2nd gen,gilotrif;afatinib;EGFR TKI second generation;HER2 TKI,medication,2025
T0304,Osimertinib ATC,ATC,L01XE35,drug,Osimertinib EGFR T790M tyrosine kinase inhibitor 3rd gen,tagrisso;osimertinib;AZD9291;EGFR TKI third generation;T790M inhibitor,medication,2025
T0305,Lapatinib ATC,ATC,L01XE07,drug,Lapatinib EGFR/HER2 dual tyrosine kinase inhibitor,tykerb;lapatinib;EGFR HER2 dual TKI;dual kinase inhibitor,medication,2025
T0306,Neratinib ATC,ATC,L01XE29,drug,Neratinib pan-HER tyrosine kinase inhibitor,nerlynx;neratinib;HER2 TKI irreversible,medication,2025
T0307,Imatinib ATC,ATC,L01XE01,drug,Imatinib BCR-ABL/KIT tyrosine kinase inhibitor,gleevec;glivec;imatinib;STI571;BCR-ABL inhibitor;c-KIT inhibitor;GIST treatment,medication,2025
T0308,Vemurafenib ATC,ATC,L01XE15,drug,Vemurafenib BRAF V600E inhibitor,zelboraf;vemurafenib;BRAF inhibitor;BRAF V600E inhibitor,medication,2025
T0309,Crizotinib ATC,ATC,L01XE16,drug,Crizotinib ALK/ROS1/MET tyrosine kinase inhibitor,xalkori;crizotinib;ALK inhibitor;ROS1 inhibitor;first gen ALK TKI,medication,2025
T0310,Alectinib ATC,ATC,L01XE36,drug,Alectinib ALK tyrosine kinase inhibitor 2nd gen,alecensa;alectinib;second gen ALK TKI;ALK inhibitor,medication,2025
T0311,Sunitinib ATC,ATC,L01XE04,drug,Sunitinib multi-targeted receptor tyrosine kinase inhibitor,sutent;sunitinib;anti-angiogenic;VEGFR KIT PDGFR inhibitor,medication,2025
T0312,Sorafenib ATC,ATC,L01XE05,drug,Sorafenib multi-targeted kinase inhibitor,nexavar;sorafenib;RAF VEGFR inhibitor;HCC treatment,medication,2025
T0313,Ribociclib ATC,ATC,L01XJ02,drug,Ribociclib CDK4/6 inhibitor,kisqali;ribociclib;CDK4 CDK6 inhibitor;HR+ breast cancer treatment,medication,2025
T0314,Palbociclib ATC,ATC,L01XJ01,drug,Palbociclib CDK4/6 inhibitor,ibrance;palbociclib;CDK4 6 inhibitor;hormone positive breast cancer,medication,2025
T0315,Abemaciclib ATC,ATC,L01XJ03,drug,Abemaciclib CDK4/6 inhibitor,verzenio;abemaciclib;CDK4 CDK6 inhibitor;continuous CDK4/6,medication,2025
T0316,Olaparib ATC,ATC,L01XK01,drug,Olaparib PARP inhibitor,lynparza;olaparib;PARP inhibitor;BRCA-targeted;BRCA cancer treatment,medication,2025
T0317,Niraparib ATC,ATC,L01XK02,drug,Niraparib PARP inhibitor,zejula;niraparib;PARP inhibitor;ovarian cancer maintenance,medication,2025
T0318,Trastuzumab ATC,ATC,L01XC03,drug,Trastuzumab anti-HER2 monoclonal antibody,herceptin;trastuzumab;HER2-targeted therapy;anti-HER2;anti-ERBB2,medication,2025
T0319,Pertuzumab ATC,ATC,L01XC13,drug,Pertuzumab anti-HER2 dimerization inhibitor monoclonal antibody,perjeta;pertuzumab;HER2 dimerization inhibitor;dual HER2 blockade,medication,2025
T0320,Bevacizumab ATC,ATC,L01XC07,drug,Bevacizumab anti-VEGF monoclonal antibody,avastin;bevacizumab;anti-angiogenic;anti-VEGF monoclonal antibody,medication,2025
T0321,Cetuximab ATC,ATC,L01XC06,drug,Cetuximab anti-EGFR monoclonal antibody,erbitux;cetuximab;anti-EGFR antibody;KRAS wild-type colon cancer,medication,2025
T0322,Pembrolizumab ATC,ATC,L01XC18,drug,Pembrolizumab anti-PD-1 checkpoint inhibitor,keytruda;pembrolizumab;PD-1 inhibitor;immune checkpoint inhibitor;anti-PD-1,medication,2025
T0323,Nivolumab ATC,ATC,L01XC17,drug,Nivolumab anti-PD-1 checkpoint inhibitor,opdivo;nivolumab;PD-1 inhibitor;immune checkpoint;anti-PD-1 antibody,medication,2025
T0324,Ipilimumab ATC,ATC,L01XC11,drug,Ipilimumab anti-CTLA-4 checkpoint inhibitor,yervoy;ipilimumab;CTLA-4 inhibitor;immune checkpoint anti-CTLA4,medication,2025
T0325,Atezolizumab ATC,ATC,L01XC32,drug,Atezolizumab anti-PD-L1 checkpoint inhibitor,tecentriq;atezolizumab;PD-L1 inhibitor;anti-PD-L1 antibody,medication,2025
T0326,Durvalumab ATC,ATC,L01XC28,drug,Durvalumab anti-PD-L1 checkpoint inhibitor,imfinzi;durvalumab;PD-L1 antibody;anti-PDL1,medication,2025
T0327,Tamoxifen ATC,ATC,L02BA01,drug,Tamoxifen selective estrogen receptor modulator SERM,nolvadex;tamoxifen;SERM;antiestrogen;tamoxifen citrate,medication,2025
T0328,Fulvestrant ATC,ATC,L02BA03,drug,Fulvestrant selective estrogen receptor downregulator SERD,faslodex;fulvestrant;SERD;estrogen receptor downregulator;ESR1 degrader,medication,2025
T0329,Letrozole ATC,ATC,L02BG04,drug,Letrozole aromatase inhibitor endocrine therapy,femara;letrozole;AI;aromatase inhibitor;non-steroidal AI,medication,2025
T0330,Anastrozole ATC,ATC,L02BG03,drug,Anastrozole aromatase inhibitor endocrine therapy,arimidex;anastrozole;aromatase inhibitor;non-steroidal AI,medication,2025
T0331,Exemestane ATC,ATC,L02BG06,drug,Exemestane steroidal aromatase inhibitor,aromasin;exemestane;steroidal AI;aromatase inhibitor,medication,2025
T0332,Goserelin ATC,ATC,L02AE03,drug,Goserelin GnRH agonist LHRH analogue,zoladex;goserelin;LHRH agonist;GnRH analogue;ovarian suppression,medication,2025
T0333,Leuprolide ATC,ATC,L02AE02,drug,Leuprolide GnRH agonist LHRH analogue,lupron;leuprolide;LHRH agonist;GnRH analogue;androgen deprivation,medication,2025
T0334,Enzalutamide ATC,ATC,L02BB04,drug,Enzalutamide androgen receptor antagonist,xtandi;enzalutamide;antiandrogen;AR inhibitor;mCRPC treatment,medication,2025
